-- Insert statements JOBS
INSERT INTO jobs (job_id, job_title)
VALUES
    (301, 'Sales Associate'),
    (302, 'Marketing Specialist'),
    (303, 'Financial Analyst'),
    (304, 'HR Manager'),
    (305, 'IT Technician'),
    (306, 'Operations Manager'),
    (307, 'R&D Scientist'),
    (308, 'Representative'),
    (309, 'Quality Analyst'),
    (310, 'Logistics Coordinator'),
    (311, 'Software Developer'),
    (312, 'Graphic Designer'),
    (313, 'Research Analyst'),
    (314, 'Product Manager'),
    (315, 'Data Analyst');
    
-- Insert statements ZIPS
INSERT INTO zips (zip_code, city, province, country)
VALUES
    ('V6B 1A1', 'Vancouver', 'British Columbia', 'Canada'),
    ('T2H M1C', 'Calgary', 'Alberta', 'Canada'),
    ('T2H 0K8', 'Winnipeg', 'Manitoba', 'Canada'),
    ('M5V 3L9', 'Toronto', 'Ontario', 'Canada'),
    ('H2Y 2H3', 'Montreal', 'Quebec', 'Canada'),
    ('B3J 1N4', 'Halifax', 'Nova Scotia', 'Canada'),
    ('A1B 2C3', 'Mississauga', 'Ontario', 'Canada'),
    ('E1C 4R8', 'Moncton', 'New Brunswick', 'Canada'),
    ('K1A 0B1', 'Ottawa', 'Ontario', 'Canada'),
    ('S4P 3V6', 'Regina', 'Saskatchewan', 'Canada');
    
-- Insert statements CRAFTS
INSERT INTO crafts (craft_id, craft_name, selling_price, manufacturing_cost, size, color, craft_type, fit, craft_description)
VALUES
    (301, 'Knitted Scarf', 24.99, 10.50, 'm', 'Blue', 'Accessory', 'One Size', 'Warm and stylish scarf.'),
    (302, 'Crochet Blanket', 89.50, 45.75, 'xl', 'White', 'Home Decor', 'Oversized', 'Cozy blanket for any room.'),
    (303, 'Embroidered Pillow', 29.75, 14.25, 's', 'Green', 'Home Decor', 'Standard', 'Decorative pillow with intricate embroidery.'),
    (304, 'Wooden Coasters', 12.99, 6.50, 's', 'Natural', 'Home Decor', 'Standard', 'Set of wooden coasters for drinks.'),
    (305, 'Knitted Beanie', 15.25, 8.75, 'm', 'Grey', 'Accessory', 'One Size', 'Warm beanie for cold days.'),
    (306, 'Handmade Earrings', 19.99, 9.50, 's', 'Multicolor', 'Jewelry', 'Standard', 'Unique earrings crafted with care.'),
    (307, 'Ceramic Mug', 8.50, 4.25, 'm', 'Blue', 'Home Decor', 'Standard', 'Stylish ceramic mug for your favorite drinks.'),
    (308, 'Embroidered Tote Bag', 34.99, 18.50, 'l', 'Pink', 'Accessory', 'Oversized', 'Spacious tote bag with beautiful embroidery.'),
    (309, 'Handmade Soap', 7.25, 3.50, 's', 'Various', 'Bath and Body', 'Standard', 'Natural and fragrant handmade soap.'),
    (310, 'Painted Canvas', 49.50, 28.75, 'l', 'Various', 'Art', 'Oversized', 'Vibrant painted canvas for your walls.'),
    (311, 'Beaded Bracelet', 12.99, 5.75, 's', 'Gold', 'Jewelry', 'Standard', 'Elegant bracelet with intricate beadwork.'),
    (312, 'Wooden Wall Clock', 29.75, 15.25, 'm', 'Brown', 'Home Decor', 'Standard', 'Functional and decorative wooden wall clock.'),
    (313, 'Knitted Baby Booties', 18.50, 7.99, 'xs', 'Pink', 'Baby', 'Newborn', 'Soft and cute booties for babies.'),
    (314, 'Hand-Painted Mug', 14.99, 6.75, 'm', 'Purple', 'Home Decor', 'Standard', 'Mug with artistic hand-painted design.'),
    (315, 'Embroidered Hat', 17.25, 9.99, 'm', 'Black', 'Accessory', 'One Size', 'Stylish hat with detailed embroidery.'),
    (316, 'Clay Sculpture', 54.99, 32.50, 'l', 'Various', 'Art', 'Oversized', 'Unique clay sculpture for display.'),
    (317, 'Printed Notebook', 9.50, 3.99, 's', 'Patterned', 'Stationery', 'Standard', 'Notebook with creative printed cover.'),
    (318, 'Handmade Necklace', 28.99, 14.50, 'm', 'Silver', 'Jewelry', 'One Size', 'Necklace with handmade pendant.'),
    (319, 'Candle Holder', 22.25, 10.99, 'm', 'Metallic', 'Home Decor', 'Standard', 'Decorative candle holder for ambiance.'),
    (320, 'Crochet Hat', 16.75, 8.25, 'm', 'Brown', 'Accessory', 'One Size', 'Cozy crochet hat for colder days.'),
    (321, 'Custom Keychain', 8.99, 4.25, 's', 'Customizable', 'Accessories', 'Standard', 'Keychain with personalized design.'),
    (322, 'Greeting Card', 5.50, 2.50, 's', 'Various', 'Stationery', 'Standard', 'Artistic greeting card for special occasions.'),
    (323, 'Macrame Plant Hanger', 19.75, 11.50, 'm', 'Natural', 'Home Decor', 'One Size', 'Hanging plant hanger with macrame design.'),
    (324, 'Hand-Painted Scarf', 28.99, 15.75, 'm', 'Colorful', 'Accessory', 'One Size', 'Vibrant scarf with hand-painted design.'),
    (325, 'Beaded Anklet', 9.99, 4.75, 's', 'Turquoise', 'Jewelry', 'Standard', 'Dainty anklet with colorful beads.'),
    (326, 'Embroidered Napkins', 12.25, 5.99, 's', 'White', 'Home Decor', 'Standard', 'Set of napkins with delicate embroidery.'),
    (327, 'Knitted Baby Blanket', 36.50, 19.75, 'l', 'Pastel', 'Baby', 'Oversized', 'Soft and cuddly blanket for infants.'),
    (328, 'Hand-Painted Planter', 14.99, 7.50, 'm', 'Terracotta', 'Home Decor', 'Standard', 'Plant pot with artistic hand-painted design.'),
    (329, 'Braided Bracelet', 10.75, 4.99, 's', 'Brown', 'Jewelry', 'Standard', 'Bracelet with intricate braided pattern.'),
    (330, 'Crochet Coasters', 8.50, 3.99, 's', 'Multicolor', 'Home Decor', 'Standard', 'Set of colorful crochet coasters.'),
    (331, 'Handmade Bookmark', 4.99, 1.75, 's', 'Patterned', 'Stationery', 'Standard', 'Bookmark with unique handmade design.'),
    (332, 'Wooden Jewelry Box', 26.25, 12.99, 'm', 'Natural', 'Home Decor', 'Standard', 'Jewelry box with wooden finish.'),
    (333, 'Embroidered Pouch', 15.99, 7.50, 's', 'Blue', 'Accessory', 'Standard', 'Small pouch with elegant embroidery.'),
    (334, 'Printed Tote Bag', 18.75, 9.99, 'l', 'Patterned', 'Accessory', 'Oversized', 'Tote bag with creative printed design.'),
    (335, 'Handmade Coasters', 14.50, 6.99, 's', 'Various', 'Home Decor', 'Standard', 'Set of handmade decorative coasters.');
    
-- Insert Statements YARNS
INSERT INTO yarns (yarn_id, yarn_type, yarn_weight, yarn_color, yarn_price, yarn_quality, yarn_description)
VALUES
    (601, 'Acrylic', 'Worsted', 'Blue', 9.99, 'common', 'A versatile and affordable yarn for various projects.'),
    (602, 'Cotton', 'Sport', 'White', 12.50, 'common', 'Breathable and soft cotton yarn for lightweight garments.'),
    (603, 'Wool', 'Bulky', 'Grey', 15.75, 'common', 'Warm and cozy wool yarn perfect for cold-weather projects.'),
    (604, 'Alpaca', 'Fingering', 'Brown', 18.99, 'common', 'Luxuriously soft alpaca yarn suitable for delicate items.'),
    (605, 'Silk', 'Lace', 'Purple', 24.50, 'rare', 'Smooth and elegant silk yarn for sophisticated projects.'),
    (606, 'Cashmere', 'Worsted', 'Beige', 34.99, 'rare', 'Exquisite cashmere yarn known for its luxurious feel.'),
    (607, 'Mohair', 'Sport', 'Pink', 22.75, 'rare', 'Fluffy mohair yarn with a unique texture and appearance.'),
    (608, 'Bamboo', 'DK', 'Green', 11.25, 'premium', 'Eco-friendly bamboo yarn with a silky touch.'),
    (609, 'Merino Wool', 'Fingering', 'Red', 16.50, 'premium', 'Soft and versatile merino wool yarn for various projects.'),
    (610, 'Linen', 'Worsted', 'Natural', 14.50, 'premium', 'Durable and cool linen yarn perfect for summer wear.'),
    (611, 'Sparkle', 'Lace', 'Silver', 9.99, 'common', 'Yarn with added sparkle for festive and eye-catching projects.'),
    (612, 'Tweed', 'Bulky', 'Multicolor', 11.75, 'common', 'Textured tweed yarn for rustic and cozy creations.'),
    (613, 'Variegated', 'DK', 'Rainbow', 13.50, 'common', 'Yarn with multicolored variations for vibrant projects.'),
    (614, 'Chenille', 'Worsted', 'Gold', 14.99, 'common', 'Plush and velvety chenille yarn for soft and warm items.'),
    (615, 'Metallic', 'Sport', 'Black', 10.25, 'common', 'Yarn with metallic accents for a touch of glamour.'),
    (616, 'Gradient', 'Fingering', 'Ombre', 17.50, 'rare', 'Yarn that transitions smoothly between gradient colors.'),
    (617, 'Lace', 'Lace', 'Ivory', 8.75, 'common', 'Delicate and intricate lace yarn for elegant projects.'),
    (618, 'Velvet', 'DK', 'Deep Blue', 19.99, 'rare', 'Luxurious velvet yarn with a plush texture.'),
    (619, 'Striped', 'Worsted', 'Stripes', 12.99, 'common', 'Yarn with striped patterns for fun and colorful creations.'),
    (620, 'Fluffy', 'Bulky', 'Pastel', 15.25, 'common', 'Fluffy and soft yarn perfect for cozy accessories.'),
    (621, 'Recycled', 'Sport', 'Earth Tones', 11.50, 'premium', 'Yarn made from recycled materials, eco-friendly choice.'),
    (622, 'Angora', 'Fingering', 'Cream', 21.50, 'rare', 'Silky and warm angora yarn for luxurious projects.'),
    (623, 'Tencel', 'DK', 'Teal', 14.25, 'premium', 'Sustainable tencel yarn with a smooth and shiny finish.'),
    (624, 'Hemp', 'Worsted', 'Natural', 9.75, 'premium', 'Durable and eco-friendly hemp yarn for versatile projects.'),
    (625, 'Nylon', 'Sport', 'Neon Pink', 8.99, 'common', 'Strong and resilient nylon yarn suitable for various applications.'),
    (626, 'Ribbon', 'Bulky', 'Rainbow', 7.50, 'common', 'Flat ribbon-like yarn for creative and decorative projects.'),
    (627, 'Organic', 'Fingering', 'Earth Tones', 16.99, 'premium', 'Certified organic yarn for environmentally conscious crafting.'),
    (628, 'Jute', 'DK', 'Rust', 10.99, 'premium', 'Natural and rustic jute yarn');
    
-- Insert statements DEPARTMENTS
INSERT INTO departments (department_id, department_name, department_phone, department_email, department_budget, department_description, manager_id)
VALUES
    (101, 'Sales', '1234567890', 'sales@example.com', 500000.00, 'Responsible for sales operations', NULL),
    (102, 'Marketing', '9876543210', 'marketing@example.com', 350000.00, 'Handles marketing campaigns', NULL),
    (103, 'Finance', '5551234567', 'finance@example.com', 800000.00, 'Manages financial operations', NULL),
    (104, 'Human Resources', '7778889999', 'hr@example.com', 600000.00, 'Responsible for HR activities', NULL),
    (105, 'IT', '1112223333', 'it@example.com', 750000.00, 'Manages information technology', NULL),
    (106, 'Operations', '4445556666', 'operations@example.com', 450000.00, 'Handles day-to-day operations', NULL),
    (107, 'Research and Development', '7775558888', 'rnd@example.com', 900000.00, 'Focuses on research and development', NULL),
    (108, 'Customer Service', '3334445555', 'customerservice@example.com', 300000.00, 'Provides customer support', NULL),
    (109, 'Quality Assurance', '8889991111', 'qa@example.com', 300000.00, 'Ensures product quality', NULL),
    (110, 'Logistics', '6667778888', 'logistics@example.com', 550000.00, 'Handles supply chain and logistics', NULL);
    
-- Insert statements STORES
INSERT INTO stores (store_id, store_name, phone_number, email, website, address, zip_code, manager_id)
VALUES
    (101, 'Craft Haven', '1234567890', 'info@crafthaven.com', 'www.crafthaven.com', '456 Main St', 'V6B 1A1', NULL),
    (102, 'Crafty Corner', '9876543210', 'contact@craftycorner.com', NULL, '789 Elm St', 'T2H 0K8', NULL),
    (103, 'Yarn World', '5551234567', 'sales@yarnworld.com', 'www.yarnworld.com', '123 Oak Ave', 'M5V 3L9', NULL),
    (104, 'Artistic Crafts', '7778889999', 'info@artisticcrafts.com', 'www.artisticcrafts.com', '456 Pine Rd', 'H2Y 2H3', NULL),
    (105, 'Creative Creations', '1112223333', 'contact@creativecreations.com', NULL, '789 Cedar Ln', 'V6B 1A1', NULL);
    
-- Insert stements EMPLOYEES
INSERT INTO employees (employee_id, first_name, last_name, date_of_birth, address, contact_number, email, hire_date, salary, emp_status, manager_id, store_id, department_id, job_id)
VALUES
    (201, 'John', 'Doe', '1985-03-15', '123 Main St', 1234567890, 'john.doe@example.com', '2020-07-15', 60000.00, 'Active', NULL, 101, 101, 301),
    (202, 'Jane', 'Smith', '1990-09-20', '456 Elm St', 9876543210, 'jane.smith@example.com', '2018-04-10', 75000.00, 'Active', 201, 102, 102, 302),
    (203, 'Michael', 'Johnson', '1988-12-10', '789 Oak Ave', 5551234567, 'michael@example.com', '2019-02-25', 90000.00, 'Active', 201, 103, 103, 303),
    (204, 'Emily', 'Williams', '1995-07-08', '567 Pine Rd', 7778889999, 'emilyw@example.com', '2022-01-05', 55000.00, 'Active', 202, 104, 104, 304),
    (205, 'William', 'Brown', '1983-11-25', '890 Cedar Ln', 1112223333, 'wbrown@example.com', '2021-09-12', 80000.00, 'Active', NULL, 105, 105, 305),
    (206, 'Olivia', 'Miller', '1992-06-18', '234 Birch Dr', 4445556666, 'oliviam@example.com', '2023-03-30', 70000.00, 'Active', 203, 101, 106, 306),
    (207, 'Ethan', 'Davis', '1987-03-29', '789 Maple St', 7775558888, 'ethand@example.com', '2022-11-20', 85000.00, 'Active', 203, 102, 107, 307),
    (208, 'Sophia', 'Wilson', '1999-04-12', '345 Oak Ave', 3334445555, 'sophiaw@example.com', '2020-06-08', 60000.00, 'Active', 204, 103, 108, 308),
    (209, 'Aiden', 'Anderson', '1994-09-03', '456 Pine Rd', 8889991111, 'aidena@example.com', '2017-08-03', 65000.00, 'Active', 204, 104, 109, 309),
    (210, 'Mia', 'Martinez', '2000-01-22', '567 Cedar Ln', 6667778888, 'miam@example.com', '2023-05-10', 75000.00, 'Active', 205, 105, 110, 310),
    (211, 'Noah', 'Taylor', '1991-08-11', '678 Elm St', 2223334444, 'noah.taylor@example.com', '2019-11-02', 70000.00, 'Active', 205, 101, 101, 301),
    (212, 'Ava', 'Anderson', '1998-03-02', '789 Oak Ave', 7778889990, 'ava.anderson@example.com', '2022-02-15', 55000.00, 'Active', 206, 102, 101, 301),
    (213, 'Liam', 'Wilson', '1990-12-17', '890 Pine Rd', 5556667777, 'liamw@example.com', '2021-03-18', 85000.00, 'Active', 206, 103, 101, 301),
    (214, 'Emma', 'Garcia', '1996-07-09', '123 Cedar Ln', 1112223330, 'emma.garcia@example.com', '2020-09-09', 60000.00, 'Active', 207, 104, 101, 301),
    (215, 'Isabella', 'Harris', '1993-10-05', '234 Maple St', 3334445550, 'isabella@example.com', '2023-01-28', 70000.00, 'Active', 207, 105, 101, 301);
    
-- Insert statements CUSTOMERS
INSERT INTO customers (customer_id, first_name, last_name, date_of_birth, email, gender, contact_number, address, shipping_address, billing_address, favorite_craft, zip_code, preferred_sales_rep)
VALUES
    (1, 'John', 'Doe', '1990-05-15', 'john.doe@example.com', 'M', '1234567890', '123 Main St', '123 Main St', NULL, 301, 'V6B 1A1', NULL),
    (2, 'Jane', 'Smith', '1985-09-20', 'jane.smith@example.com', 'F', '9876543210', '456 Elm St', '456 Elm St', '789', 302, 'M5V 3L9', 201),
    (3, 'Michael', 'Johnson', '1993-02-10', 'michael@example.com', 'M', '5551234567', '789 Oak Ave', '789 Oak Ave', '234', 303, 'V6B 1A1', NULL),
    (4, 'Emily', 'Williams', '2000-07-08', 'emilyw@example.com', 'F', '7778889999', '567 Pine Rd', '567 Pine Rd', '567', 304, 'M5V 3L9', 202),
    (5, 'William', 'Brown', '1982-11-25', 'wbrown@example.com', 'M', '1112223333', '890 Cedar Ln', '890 Cedar Ln', NULL, 305, 'T2H 0K8', NULL),
    (6, 'Olivia', 'Miller', '1991-06-18', 'oliviam@example.com', 'F', '4445556666', '234 Birch Dr', '234 Birch Dr', '123', 306, 'V6B 1A1', 206),
    (7, 'Ethan', 'Davis', '1988-03-29', 'ethand@example.com', 'M', '7775558888', '789 Maple St', '789 Maple St', NULL, 307, 'T2H 0K8', NULL),
    (8, 'Sophia', 'Wilson', '2002-04-12', 'sophiaw@example.com', 'F', '3334445555', '345 Oak Ave', '345 Oak Ave', '890', 308, 'T2H 0K8', 207),
    (9, 'Aiden', 'Anderson', '1997-09-03', 'aidena@example.com', 'M', '8889991111', '456 Pine Rd', '456 Pine Rd', '456', 309, 'T2H 0K8', 208),
    (10, 'Mia', 'Martinez', '2004-01-22', 'miam@example.com', 'F', '6667778888', '567 Cedar Ln', '567 Cedar Ln', '678', 310, 'M5V 3L9', 209),
    (11, 'Noah', 'Taylor', '1995-08-11', 'noah.taylor@example.com', 'M', '2223334444', '678 Elm St', '678 Elm St', '901', 311, 'M5V 3L9', NULL),
    (12, 'Ava', 'Anderson', '2001-03-02', 'ava.anderson@example.com', 'F', '7778809999', '789 Oak Ave', '789 Oak Ave', NULL, 312, 'H2Y 2H3', 210),
    (13, 'Liam', 'Wilson', '1989-12-17', 'liamw@example.com', 'M', '5556667777', '890 Pine Rd', '890 Pine Rd', '234', 313, 'H2Y 2H3', NULL),
    (14, 'Emma', 'Garcia', '2003-07-09', 'emma.garcia@example.com', 'F', '1112203333', '123 Cedar Ln', '123 Cedar Ln', '567', 314, 'H2Y 2H3', 211),
    (15, 'Isabella', 'Harris', '1998-10-05', 'isabella@example.com', 'F', '3334045555', '234 Maple St', '234 Maple St', '890', 315, 'H2Y 2H3', NULL);
    
-- Insert statements ORDERS
INSERT INTO orders (order_id, order_date, shipped_date, shipped_status, customer_id, employee_id, return_period)
VALUES
    (1001, '2022-08-01', '2022-08-05', 'Shipped', 1, 201, '30 days'),
    (1002, '2022-09-02', '2022-09-06', 'Shipped', 2, 202, '15 days'),
    (1003, '2022-10-03', '2022-10-07', 'Shipped', 3, 203, '30 days'),
    (1004, '2022-11-04', '2022-11-08', 'Shipped', 4, 204, '15 days'),
    (1005, '2022-12-05', '2022-12-09', 'Shipped', 5, 205, '30 days'),
    (1006, '2023-01-06', '2023-01-10', 'Shipped', 6, 206, '15 days'),
    (1007, '2023-02-07', '2023-02-11', 'Shipped', 7, 207, '30 days'),
    (1008, '2023-03-08', '2023-03-12', 'Shipped', 8, 208, '15 days'),
    (1009, '2023-04-09', '2023-04-13', 'Shipped', 9, 209, '30 days'),
    (1010, '2023-05-10', '2023-05-14', 'Shipped', 10, 210, '15 days'),
    (1011, '2023-06-11', '2023-06-15', 'Shipped', 11, 211, '30 days'),
    (1012, '2023-07-12', '2023-07-16', 'Shipped', 12, 212, '15 days'),
    (1013, '2023-08-13', '2023-08-17', 'Shipped', 13, 213, '30 days'),
    (1014, '2023-09-14', '2023-09-18', 'Shipped', 14, 214, '15 days'),
    (1015, '2023-10-15', '2023-10-19', 'Shipped', 15, 215, '30 days'),
    (1016, '2023-11-16', '2023-11-20', 'Shipped', 1, 201, '15 days'),
    (1017, '2023-12-17', '2023-12-21', 'Shipped', 2, 202, '30 days'),
    (1018, '2024-01-18', '2024-01-22', 'Shipped', 3, 203, '15 days'),
    (1019, '2024-02-19', '2024-02-23', 'Shipped', 4, 204, '30 days'),
    (1020, '2024-03-20', '2024-03-24', 'Shipped', 5, 205, '15 days'),
    (1021, '2024-04-21', '2024-04-25', 'Shipped', 6, 206, '30 days'),
    (1022, '2024-05-22', '2024-05-26', 'Shipped', 7, 207, '15 days'),
    (1023, '2024-06-23', '2024-06-27', 'Shipped', 8, 208, '30 days'),
    (1024, '2024-07-24', '2024-07-28', 'Shipped', 9, 209, '15 days'),
    (1025, '2024-08-25', '2024-08-29', 'Shipped', 10, 210, '30 days'),
    (1026, '2024-09-26', '2024-09-30', 'Shipped', 11, 211, '15 days'),
    (1027, '2024-10-27', '2024-10-31', 'Shipped', 12, 212, '30 days'),
    (1028, '2024-11-28', '2024-12-01', 'Shipped', 13, 213, '15 days'),
    (1029, '2024-12-29', '2025-01-02', 'Shipped', 14, 214, '30 days'),
    (1030, '2025-01-30', '2025-02-03', 'Shipped', 15, 215, '15 days');
    
-- Insert statements WAREHOUSES
INSERT INTO warehouses (warehouse_id, warehouse_name, address, capacity, zip_code)
VALUES
    (501, 'Central Warehouse', '123 Main St', 100000.00, 'V6B 1A1'),
    (502, 'North Warehouse', '456 Elm St', 750000.00, 'T2H 0K8'),
    (503, 'South Warehouse', '789 Oak Ave', 500000.00, 'M5V 3L9'),
    (504, 'East Warehouse', '567 Pine Rd', 800000.00, 'H2Y 2H3'),
    (505, 'West Warehouse', '890 Cedar Ln', 600000.00, 'V6B 1A1'),
    (506, 'Downtown Warehouse', '234 Birch Dr', 450000.00, 'T2H 0K8'),
    (507, 'Uptown Warehouse', '789 Maple St', 550000.00, 'M5V 3L9'),
    (508, 'Suburb Warehouse', '345 Oak Ave', 700000.00, 'H2Y 2H3'),
    (509, 'Metro Warehouse', '456 Pine Rd', 850000.00, 'V6B 1A1'),
    (510, 'Rural Warehouse', '567 Cedar Ln', 400000.00, 'T2H 0K8');
    
-- Insert statements INVENTORIES
INSERT INTO inventories (warehouse_id, craft_id, quantity, update_date)
VALUES
    (501, 301, 500, '2023-08-17'),
    (502, 302, 700, '2023-08-17'),
    (503, 303, 350, '2023-08-17'),
    (504, 304, 900, '2023-08-17'),
    (505, 305, 600, '2023-08-17'),
    (506, 306, 400, '2023-08-17'),
    (507, 307, 550, '2023-08-17'),
    (508, 308, 720, '2023-08-17'),
    (509, 309, 420, '2023-08-17'),
    (510, 310, 300, '2023-08-17'),
    (501, 311, 450, '2023-08-17'),
    (502, 312, 680, '2023-08-17'),
    (503, 313, 320, '2023-08-17'),
    (504, 314, 780, '2023-08-17'),
    (505, 315, 540, '2023-08-17'),
    (506, 316, 370, '2023-08-17'),
    (507, 317, 600, '2023-08-17'),
    (508, 318, 710, '2023-08-17'),
    (509, 319, 390, '2023-08-17'),
    (510, 320, 270, '2023-08-17'),
    (501, 321, 420, '2023-08-17'),
    (502, 322, 640, '2023-08-17'),
    (503, 323, 310, '2023-08-17'),
    (504, 324, 820, '2023-08-17'),
    (505, 325, 580, '2023-08-17'),
    (506, 326, 350, '2023-08-17'),
    (507, 327, 590, '2023-08-17'),
    (508, 328, 760, '2023-08-17'),
    (509, 329, 430, '2023-08-17'),
    (510, 330, 290, '2023-08-17'),
    (501, 331, 470, '2023-08-17'),
    (502, 332, 720, '2023-08-17'),
    (503, 333, 340, '2023-08-17'),
    (504, 334, 870, '2023-08-17'),
    (505, 335, 620, '2023-08-17'),
    (506, 327, 410, '2023-08-17'),
    (508, 327, 560, '2023-08-17'),
    (508, 335, 790, '2023-08-17'),
    (509, 331, 400, '2023-08-17'),
    (510, 324, 250, '2023-08-17');
    
-- Insert statements CRAFTS_ORDERS
INSERT INTO crafts_orders (craft_id, order_id, quantity)
VALUES
    (301, 1001, 3),
    (302, 1001, 1),
    (305, 1002, 2),
    (310, 1003, 1),
    (307, 1003, 4),
    (312, 1004, 2),
    (314, 1005, 3),
    (311, 1006, 1),
    (316, 1007, 1),
    (319, 1008, 2),
    (324, 1008, 1),
    (330, 1009, 4),
    (331, 1009, 1),
    (301, 1010, 2),
    (308, 1011, 1),
    (318, 1012, 1),
    (322, 1012, 3),
    (325, 1013, 2),
    (326, 1014, 4),
    (335, 1015, 1),
    (314, 1015, 2),
    (330, 1016, 3),
    (306, 1017, 1),
    (307, 1017, 2),
    (328, 1018, 1),
    (333, 1019, 2),
    (308, 1020, 2),
    (303, 1021, 3),
    (314, 1021, 1),
    (320, 1022, 2),
    (311, 1023, 1),
    (328, 1024, 1),
    (318, 1024, 2),
    (327, 1025, 1),
    (325, 1029, 3),
    (312, 1027, 2),
    (317, 1028, 1),
    (331, 1029, 1),
    (333, 1029, 1),
    (309, 1030, 4),
    (306, 1021, 2),
    (304, 1022, 3),
    (326, 1023, 1),
    (332, 1024, 2),
    (315, 1024, 1),
    (328, 1025, 1),
    (314, 1025, 2),
    (325, 1026, 3),
    (331, 1026, 1),
    (301, 1027, 2),
    (317, 1029, 1),
    (329, 1029, 2);
    
-- Insert statements CRAFTS_YARNS
INSERT INTO crafts_yarns (craft_id, yarn_id, quantity)
VALUES
    (301, 601, 5),
    (301, 602, 3),
    (302, 602, 2),
    (303, 603, 4),
    (304, 604, 2),
    (305, 601, 3),
    (305, 603, 2),
    (306, 602, 4),
    (307, 604, 2),
    (308, 601, 3),
    (309, 603, 2),
    (310, 601, 4),
    (310, 604, 1),
    (311, 602, 2),
    (312, 603, 3),
    (313, 601, 4),
    (313, 604, 2),
    (314, 601, 3),
    (314, 603, 2),
    (315, 602, 4);
    
-- Insert statements WAREHOUSES_STORES
INSERT INTO warehouses_stores (warehouse_id, store_id)
VALUES
    (501, 101),
    (501, 102),
    (502, 103),
    (503, 104),
    (504, 105),
    (505, 101),
    (505, 102),
    (506, 103),
    (507, 104),
    (508, 105);
